{
  "scenario": {
    "mission_class": "area_search",
    "thread": "maneuver"
  },
  "uav": {
    "start_location": [
      198.5,
      -190.5,
      0.9963344952964617
    ],
    "altitude": 10,
    "camera_noise": {
      "Enabled": false,
      "RandContrib": 0.0,
      "RandSpeed": 100000.0,
      "RandSize": 500.0,
      "RandDensity": 2.0
    }
  },
  "target": [
    {
      "trajectory": [
        [
          61.0,
          61.75,
          -1.5707963267948966
        ]
      ],
      "class_name": "SEDAN",
      "color": "blue",
      "location_belief_map": [
        {
          "polygon_vertices": [
            [
              150.0,
              -50.0
            ],
            [
              0.0,
              -50.0
            ],
            [
              0.0,
              100.0
            ],
            [
              150.0,
              100.0
            ],
            [
              150.0,
              -50.0
            ]
          ],
          "probability": 0.5970305329769432
        },
        {
          "polygon_vertices": [
            [
              -150.0,
              0.0
            ],
            [
              -200.0,
              0.0
            ],
            [
              -200.0,
              50.0
            ],
            [
              -150.0,
              50.0
            ],
            [
              -150.0,
              0.0
            ]
          ],
          "probability": 0.14749865105549884
        },
        {
          "polygon_vertices": [
            [
              -100.0,
              -150.0
            ],
            [
              -200.0,
              -150.0
            ],
            [
              -200.0,
              -50.0
            ],
            [
              -100.0,
              -50.0
            ],
            [
              -100.0,
              -150.0
            ]
          ],
          "probability": 0.25547081596755794
        }
      ]
    },
    {
      "trajectory": [
        [
          84.0,
          77.25,
          -1.5707963267948966
        ]
      ],
      "class_name": "SUV",
      "color": "green",
      "location_belief_map": [
        {
          "polygon_vertices": [
            [
              150.0,
              -50.0
            ],
            [
              0.0,
              -50.0
            ],
            [
              0.0,
              100.0
            ],
            [
              150.0,
              100.0
            ],
            [
              150.0,
              -50.0
            ]
          ],
          "probability": 0.9151564539306054
        },
        {
          "polygon_vertices": [
            [
              -150.0,
              0.0
            ],
            [
              -200.0,
              0.0
            ],
            [
              -200.0,
              50.0
            ],
            [
              -150.0,
              50.0
            ],
            [
              -150.0,
              0.0
            ]
          ],
          "probability": 0.08484354606939462
        },
        {
          "polygon_vertices": [
            [
              -100.0,
              -150.0
            ],
            [
              -200.0,
              -150.0
            ],
            [
              -200.0,
              -50.0
            ],
            [
              -100.0,
              -50.0
            ],
            [
              -100.0,
              -150.0
            ]
          ],
          "probability": 0.0
        }
      ]
    },
    {
      "trajectory": [
        [
          -43.0,
          59.5,
          -1.5707963267948966
        ]
      ],
      "class_name": "SUV",
      "color": "white",
      "location_belief_map": [
        {
          "polygon_vertices": [
            [
              150.0,
              -50.0
            ],
            [
              0.0,
              -50.0
            ],
            [
              0.0,
              100.0
            ],
            [
              150.0,
              100.0
            ],
            [
              150.0,
              -50.0
            ]
          ],
          "probability": 0.8333226190668365
        },
        {
          "polygon_vertices": [
            [
              -150.0,
              0.0
            ],
            [
              -200.0,
              0.0
            ],
            [
              -200.0,
              50.0
            ],
            [
              -150.0,
              50.0
            ],
            [
              -150.0,
              0.0
            ]
          ],
          "probability": 0.0
        },
        {
          "polygon_vertices": [
            [
              -100.0,
              -150.0
            ],
            [
              -200.0,
              -150.0
            ],
            [
              -200.0,
              -50.0
            ],
            [
              -100.0,
              -50.0
            ],
            [
              -100.0,
              -150.0
            ]
          ],
          "probability": 0.1666773809331635
        }
      ]
    },
    {
      "trajectory": [
        [
          41.25,
          74.5,
          0.0
        ]
      ],
      "class_name": "SEDAN",
      "color": "orange",
      "location_belief_map": [
        {
          "polygon_vertices": [
            [
              150.0,
              -50.0
            ],
            [
              0.0,
              -50.0
            ],
            [
              0.0,
              100.0
            ],
            [
              150.0,
              100.0
            ],
            [
              150.0,
              -50.0
            ]
          ],
          "probability": 0.6739879791313649
        },
        {
          "polygon_vertices": [
            [
              -150.0,
              0.0
            ],
            [
              -200.0,
              0.0
            ],
            [
              -200.0,
              50.0
            ],
            [
              -150.0,
              50.0
            ],
            [
              -150.0,
              0.0
            ]
          ],
          "probability": 0.14464249526902598
        },
        {
          "polygon_vertices": [
            [
              -100.0,
              -150.0
            ],
            [
              -200.0,
              -150.0
            ],
            [
              -200.0,
              -50.0
            ],
            [
              -100.0,
              -50.0
            ],
            [
              -100.0,
              -150.0
            ]
          ],
          "probability": 0.18136952559960917
        }
      ]
    }
  ],
  "weather": {
    "fog": 0.0,
    "rain": 0.0,
    "snow": 0.0,
    "dust": 0.0,
    "time_of_day": "2024-02-12 08:15:00"
  },
  "mission": {
    "areas_of_interest": [
      [
        [
          150.0,
          -50.0
        ],
        [
          0.0,
          -50.0
        ],
        [
          0.0,
          100.0
        ],
        [
          150.0,
          100.0
        ],
        [
          150.0,
          -50.0
        ]
      ],
      [
        [
          -150.0,
          0.0
        ],
        [
          -199.0,
          0.0
        ],
        [
          -199.0,
          50.0
        ],
        [
          -150.0,
          50.0
        ],
        [
          -150.0,
          0.0
        ]
      ],
      [
        [
          -100.0,
          -150.0
        ],
        [
          -199.0,
          -150.0
        ],
        [
          -199.0,
          -50.0
        ],
        [
          -100.0,
          -50.0
        ],
        [
          -100.0,
          -150.0
        ]
      ]
    ],