{
  "scenario": {
    "mission_class": "area_search",
    "thread": "maneuver"
  },
  "uav": {
    "start_location": [
      -181.0,
      -159.5,
      3.001189451196142
    ],
    "altitude": 10,
    "camera_noise": {
      "Enabled": true,
      "RandContrib": 0.20471974143055496,
      "RandSpeed": 100000.0,
      "RandSize": 500.0,
      "RandDensity": 2.0
    }
  },
  "target": [
    {
      "trajectory": [
        [
          83.75,
          -45.5,
          -1.5707963267948966
        ]
      ],
      "class_name": "SUV",
      "color": "white",
      "location_belief_map": [
        {
          "polygon_vertices": [
            [
              0.0,
              50.0
            ],
            [
              -50.0,
              50.0
            ],
            [
              -50.0,
              150.0
            ],
            [
              0.0,
              150.0
            ],
            [
              0.0,
              50.0
            ]
          ],
          "probability": 0.0
        },
        {
          "polygon_vertices": [
            [
              100.0,
              0.0
            ],
            [
              0.0,
              0.0
            ],
            [
              0.0,
              150.0
            ],
            [
              100.0,
              150.0
            ],
            [
              100.0,
              0.0
            ]
          ],
          "probability": 0.6837211549392614
        },
        {
          "polygon_vertices": [
            [
              0.0,
              -200.0
            ],
            [
              -150.0,
              -200.0
            ],
            [
              -150.0,
              -100.0
            ],
            [
              0.0,
              -100.0
            ],
            [
              0.0,
              -200.0
            ]
          ],
          "probability": 0.31627884506073856
        }
      ]
    },
    {
      "trajectory": [
        [
          -106.75,
          -48.75,
          -1.5707963267948966
        ]
      ],
      "class_name": "SUV",
      "color": "violet",
      "location_belief_map": [
        {
          "polygon_vertices": [
            [
              0.0,
              50.0
            ],
            [
              -50.0,
              50.0
            ],
            [
              -50.0,
              150.0
            ],
            [
              0.0,
              150.0
            ],
            [
              0.0,
              50.0
            ]
          ],
          "probability": 0.006535982932732241
        },
        {
          "polygon_vertices": [
            [
              100.0,
              0.0
            ],
            [
              0.0,
              0.0
            ],
            [
              0.0,
              150.0
            ],
            [
              100.0,
              150.0
            ],
            [
              100.0,
              0.0
            ]
          ],
          "probability": 0.7074427269336419
        },
        {
          "polygon_vertices": [
            [
              0.0,
              -200.0
            ],
            [
              -150.0,
              -200.0
            ],
            [
              -150.0,
              -100.0
            ],
            [
              0.0,
              -100.0
            ],
            [
              0.0,
              -200.0
            ]
          ],
          "probability": 0.286021290133626
        }
      ]
    },
    {
      "trajectory": [
        [
          82.5,
          28.75,
          1.5707963267948966
        ]
      ],
      "class_name": "SEDAN",
      "color": "yellow",
      "location_belief_map": [
        {
          "polygon_vertices": [
            [
              0.0,
              50.0
            ],
            [
              -50.0,
              50.0
            ],
            [
              -50.0,
              150.0
            ],
            [
              0.0,
              150.0
            ],
            [
              0.0,
              50.0
            ]
          ],
          "probability": 0.16044300269036482
        },
        {
          "polygon_vertices": [
            [
              100.0,
              0.0
            ],
            [
              0.0,
              0.0
            ],
            [
              0.0,
              150.0
            ],
            [
              100.0,
              150.0
            ],
            [
              100.0,
              0.0
            ]
          ],
          "probability": 0.5291528725360186
        },
        {
          "polygon_vertices": [
            [
              0.0,
              -200.0
            ],
            [
              -150.0,
              -200.0
            ],
            [
              -150.0,
              -100.0
            ],
            [
              0.0,
              -100.0
            ],
            [
              0.0,
              -200.0
            ]
          ],
          "probability": 0.3104041247736165
        }
      ]
    },
    {
      "trajectory": [
        [
          -180.25,
          -125.25,
          -1.5707963267948966
        ]
      ],
      "class_name": "SEDAN",
      "color": "violet",
      "location_belief_map": [
        {
          "polygon_vertices": [
            [
              0.0,
              50.0
            ],
            [
              -50.0,
              50.0
            ],
            [
              -50.0,
              150.0
            ],
            [
              0.0,
              150.0
            ],
            [
              0.0,
              50.0
            ]
          ],
          "probability": 0.13435408782568378
        },
        {
          "polygon_vertices": [
            [
              100.0,
              0.0
            ],
            [
              0.0,
              0.0
            ],
            [
              0.0,
              150.0
            ],
            [
              100.0,
              150.0
            ],
            [
              100.0,
              0.0
            ]
          ],
          "probability": 0.649139924307996
        },
        {
          "polygon_vertices": [
            [
              0.0,
              -200.0
            ],
            [
              -150.0,
              -200.0
            ],
            [
              -150.0,
              -100.0
            ],
            [
              0.0,
              -100.0
            ],
            [
              0.0,
              -200.0
            ]
          ],
          "probability": 0.21650598786632028
        }
      ]
    }
  ],
  "weather": {
    "fog": 0.0,
    "rain": 0.0,
    "snow": 0.0,
    "dust": 0.0,
    "time_of_day": "2024-02-12 08:15:00"
  },
  "mission": {
    "areas_of_interest": [
      [
        [
          0.0,
          50.0
        ],
        [
          -50.0,
          50.0
        ],
        [
          -50.0,
          150.0
        ],
        [
          0.0,
          150.0
        ],
        [
          0.0,
          50.0
        ]
      ],
      [
        [
          100.0,
          0.0
        ],
        [
          0.0,
          0.0
        ],
        [
          0.0,
          150.0
        ],
        [
          100.0,
          150.0
        ],
        [
          100.0,
          0.0
        ]
      ],
      [
        [
          0.0,
          -199.0
        ],
        [
          -150.0,
          -199.0
        ],
        [
          -150.0,
          -100.0
        ],
        [
          0.0,
          -100.0
        ],
        [
          0.0,
          -199.0
        ]
      ]
    ],