{
  "scenario": {
    "mission_class": "area_search",
    "thread": "maneuver"
  },
  "uav": {
    "start_location": [
      -33.0,
      127.0,
      3.213009844943171
    ],
    "altitude": 10,
    "camera_noise": {
      "Enabled": false,
      "RandContrib": 0.0,
      "RandSpeed": 100000.0,
      "RandSize": 500.0,
      "RandDensity": 2.0
    }
  },
  "target": [
    {
      "trajectory": [
        [
          84.0,
          91.75,
          0.0
        ]
      ],
      "class_name": "SUV",
      "color": "orange",
      "location_belief_map": [
        {
          "polygon_vertices": [
            [
              0.0,
              50.0
            ],
            [
              -50.0,
              50.0
            ],
            [
              -50.0,
              150.0
            ],
            [
              0.0,
              150.0
            ],
            [
              0.0,
              50.0
            ]
          ],
          "probability": 0.0
        },
        {
          "polygon_vertices": [
            [
              100.0,
              0.0
            ],
            [
              0.0,
              0.0
            ],
            [
              0.0,
              150.0
            ],
            [
              100.0,
              150.0
            ],
            [
              100.0,
              0.0
            ]
          ],
          "probability": 0.5677198060252178
        },
        {
          "polygon_vertices": [
            [
              0.0,
              -200.0
            ],
            [
              -150.0,
              -200.0
            ],
            [
              -150.0,
              -100.0
            ],
            [
              0.0,
              -100.0
            ],
            [
              0.0,
              -200.0
            ]
          ],
          "probability": 0.43228019397478223
        }
      ]
    },
    {
      "trajectory": [
        [
          -113.0,
          -54.25,
          3.141592653589793
        ]
      ],
      "class_name": "SUV",
      "color": "blue",
      "location_belief_map": [
        {
          "polygon_vertices": [
            [
              0.0,
              50.0
            ],
            [
              -50.0,
              50.0
            ],
            [
              -50.0,
              150.0
            ],
            [
              0.0,
              150.0
            ],
            [
              0.0,
              50.0
            ]
          ],
          "probability": 0.15509216817026106
        },
        {
          "polygon_vertices": [
            [
              100.0,
              0.0
            ],
            [
              0.0,
              0.0
            ],
            [
              0.0,
              150.0
            ],
            [
              100.0,
              150.0
            ],
            [
              100.0,
              0.0
            ]
          ],
          "probability": 0.6366992250902821
        },
        {
          "polygon_vertices": [
            [
              0.0,
              -200.0
            ],
            [
              -150.0,
              -200.0
            ],
            [
              -150.0,
              -100.0
            ],
            [
              0.0,
              -100.0
            ],
            [
              0.0,
              -200.0
            ]
          ],
          "probability": 0.20820860673945676
        }
      ]
    },
    {
      "trajectory": [
        [
          84.0,
          63.25,
          1.5707963267948966
        ]
      ],
      "class_name": "SEDAN",
      "color": "white",
      "location_belief_map": [
        {
          "polygon_vertices": [
            [
              0.0,
              50.0
            ],
            [
              -50.0,
              50.0
            ],
            [
              -50.0,
              150.0
            ],
            [
              0.0,
              150.0
            ],
            [
              0.0,
              50.0
            ]
          ],
          "probability": 0.0
        },
        {
          "polygon_vertices": [
            [
              100.0,
              0.0
            ],
            [
              0.0,
              0.0
            ],
            [
              0.0,
              150.0
            ],
            [
              100.0,
              150.0
            ],
            [
              100.0,
              0.0
            ]
          ],
          "probability": 0.6904700149505774
        },
        {
          "polygon_vertices": [
            [
              0.0,
              -200.0
            ],
            [
              -150.0,
              -200.0
            ],
            [
              -150.0,
              -100.0
            ],
            [
              0.0,
              -100.0
            ],
            [
              0.0,
              -200.0
            ]
          ],
          "probability": 0.30952998504942264
        }
      ]
    },
    {
      "trajectory": [
        [
          61.0,
          61.75,
          1.5707963267948966
        ]
      ],
      "class_name": "SUV",
      "color": "black",
      "location_belief_map": [
        {
          "polygon_vertices": [
            [
              0.0,
              50.0
            ],
            [
              -50.0,
              50.0
            ],
            [
              -50.0,
              150.0
            ],
            [
              0.0,
              150.0
            ],
            [
              0.0,
              50.0
            ]
          ],
          "probability": 0.0
        },
        {
          "polygon_vertices": [
            [
              100.0,
              0.0
            ],
            [
              0.0,
              0.0
            ],
            [
              0.0,
              150.0
            ],
            [
              100.0,
              150.0
            ],
            [
              100.0,
              0.0
            ]
          ],
          "probability": 0.5597874104755391
        },
        {
          "polygon_vertices": [
            [
              0.0,
              -200.0
            ],
            [
              -150.0,
              -200.0
            ],
            [
              -150.0,
              -100.0
            ],
            [
              0.0,
              -100.0
            ],
            [
              0.0,
              -200.0
            ]
          ],
          "probability": 0.44021258952446085
        }
      ]
    }
  ],
  "weather": {
    "fog": 0.0,
    "rain": 0.0,
    "snow": 0.0,
    "dust": 0.0,
    "time_of_day": "2024-02-12 08:15:00"
  },
  "mission": {
    "areas_of_interest": [
      [
        [
          0.0,
          50.0
        ],
        [
          -50.0,
          50.0
        ],
        [
          -50.0,
          150.0
        ],
        [
          0.0,
          150.0
        ],
        [
          0.0,
          50.0
        ]
      ],
      [
        [
          100.0,
          0.0
        ],
        [
          0.0,
          0.0
        ],
        [
          0.0,
          150.0
        ],
        [
          100.0,
          150.0
        ],
        [
          100.0,
          0.0
        ]
      ],
      [
        [
          0.0,
          -199.0
        ],
        [
          -150.0,
          -199.0
        ],
        [
          -150.0,
          -100.0
        ],
        [
          0.0,
          -100.0
        ],
        [
          0.0,
          -199.0
        ]
      ]
    ],